,名字,类型,城市,地区,地点,评分,评分人数,价格
0,香港铜锣湾皇悦酒店(Empire Hotel Hong Kong-Causeway Bay),浪漫情侣,香港,东区,铜锣湾永兴街8号,4.5,12708,693
1,香港碧荟酒店(The BEACON),商务出行,香港,油尖旺,九龙旺角洗衣街88号,4.7,328,747
2,香港湾仔帝盛酒店(Dorsett Wanchai),浪漫情侣,香港,湾仔,皇后大道东387-397号,4.4,5014,693
3,如心艾朗酒店(L‘hotel elan),浪漫情侣,香港,观塘,观塘创业街38号,4.6,3427,581
4,香港隆堡柏宁顿酒店(Hotel Pennington by Rhombus),浪漫情侣,香港,湾仔,铜锣湾边宁顿街13-15号,4.5,1938,869
5,海景嘉福洲际酒店(InterContinental Grand Stanford Hong Kong),海滨风光,香港,油尖旺,尖沙咀_部麽地道70号,4.7,4366,1296
6,香港怡东酒店(Excelsior Hotel),海滨风光,香港,湾仔,铜锣湾告士打道281号,4.6,6961,1184
7,香港富豪九龙酒店(Regal Kowloon Hotel),休闲度假,香港,油尖旺,尖沙嘴麽地道71号,4.5,11265,692
8,港岛香格里拉大酒店(Island Shangri-La),海滨风光,香港,中西区,金钟中区法院道太古广场,4.8,4182,2836
9,香港广易商务宾馆(家庭旅馆)(WIDE EVER HOSTEL),地铁周边,香港,油尖旺,九龙旺角弥敦道607号新兴大厦14楼16单位,4.1,1029,218
10,香港铜锣湾皇冠假日酒店(Crowne Plaza Hong Kong Causeway Bay),休闲度假,香港,湾仔,铜锣湾礼顿道八号,4.7,4446,1633
11,香港都会海逸酒店(Harbour Plaza Metropolis),海滨风光,香港,油尖旺,红_ 都会道7号,4.5,14872,562
12,如心南湾海景酒店(L‘hotel Island South),休闲度假,香港,南区,香港仔黄竹坑道55号,4.4,9573,447
13,香港朗廷酒店(The Langham Hong Kong),休闲度假,香港,油尖旺,尖沙嘴北京道8号,4.7,11039,1899
14,迪士尼探索家度假酒店(Disney Explorers Lodge),海滨风光,香港,离岛,迪士尼乐园度假区,4.8,4794,1662
15,香港港丽酒店(Conrad Hong Kong),海滨风光,香港,中西区,金钟 金钟道88号太古广场,4.7,2392,2490
16,香港美丽华酒店(The Mira Hong Kong),休闲度假,香港,九龙城,尖沙咀弥敦道118-130号美丽华广场,4.6,5882,1583
17,香港悦来酒店(Panda Hotel),休闲度假,香港,荃湾,荃湾 荃华街3号,4.5,13694,358
18,香港文华东方酒店(Mandarin Oriental Hong Kong),海滨风光,香港,中西区,中环干诺道中5号,4.8,2452,3609
19,香港恒丰酒店(Prudential Hotel),浪漫情侣,香港,油尖旺,尖沙嘴 弥敦道222号,4.5,8194,692
20,香港北角海逸酒店(Harbour Plaza North Point),海滨风光,香港,东区,"北角 英皇道665号(665 Kings Road, North Point, Hong Kong)",4.4,3980,507
21,香港帝景酒店(Royal View Hotel),海滨风光,香港,荃湾,汀九 青山公路353号,4.5,3289,418
22,香港南洋酒店(South Pacific Hotel),浪漫情侣,香港,湾仔,摩理臣山道23号,4.5,7981,445
23,香港城景国际(The Cityview),浪漫情侣,香港,油尖旺,窝打老道23号,4.5,8648,594
24,香港黄金海岸酒店(Hong Kong Gold Coast Hotel),海滨风光,香港,屯门,屯门 黄金海岸青山公路1号,4.7,6326,696
25,香港峰景轩(Summit View Kowloon),交通方便,香港,油尖旺,旺角 文福道5号,4.6,152,421
26,香港粤海酒店(GDH Hotel),浪漫情侣,香港,油尖旺,尖沙咀宝勒巷18号,4.4,9066,748
27,香港荃湾丝丽酒店(Silka Tsuen Wan Hong Kong),浪漫情侣,香港,荃湾,葵涌和宜合道119号,4.4,1110,370
28,香港悦品海景酒店(原观塘丽东酒店)(Hotel COZI Harbour view),海滨风光,香港,观塘,九龙官塘伟业街163_,4.4,1581,484
29,香港帝京酒店(Royal Plaza Hotel),休闲度假,香港,油尖旺,旺角太子道西193号,4.7,9309,1525
30,香港凯都酒店(Metro Winner Hotel),浪漫情侣,香港,油尖旺,九龙油麻地弥敦道476号凯都中心,4.5,3355,587
31,香港旺角帝盛酒店(Dorsett Mongkok Hong Kong),亲子酒店,香港,油尖旺,88号大角嘴道,4.6,2885,567
32,香港兰桂坊(九如坊)(酒店)(Lan Kwai Fong Hotel Kau U Fong),海滨风光,香港,中西区,中环九如坊3号,4.5,2139,1446
33,香港彩鸿酒店(Travelodge Kowloon),浪漫情侣,香港,油尖旺,九龙佐敦道西贡街23号,4.5,3136,454
34,香港遨舍卫兰轩(OZO Wesley Hong Kong),浪漫情侣,香港,湾仔,湾仔轩尼诗道22号,4.6,3283,871
35,香港汀兰居(Bay Bridge Hong Kong by Hotel G),海滨风光,香港,荃湾,油柑头青山公路123号,4.4,1334,574
36,香港连锁酒店(Hong Kong Motel),地铁周边,香港,油尖旺,九龙尖沙咀金马伦道22-24号东丽中心,4,2382,237
37,香港99号宝恒酒店(99 Bonham),商务出行,香港,中西区,上环文咸东街99号,4.5,297,1162
38,香港颐庭酒店(铜锣湾店)(Eco Tree Hotel Causeway Bay),其他类型,香港,东区,铜锣湾水星街15号,4.6,15,567
39,香港九龙诺富特酒店(Novotel Nathan Road Kowloon Hong Kong),休闲度假,香港,油尖旺,油麻地 弥敦道348号,4.6,3931,1307
40,香港大都酒店(Dadol Hotel),商务出行,香港,油尖旺,九龙尖沙咀金巴利道16号香槟大厦1字楼 (美丽华商场对面),4.1,356,401
41,香港丽悦酒店(Cosmo Hotel),亲子酒店,香港,湾仔,皇后大道东375-377号,4.4,1866,529
42,香港荃湾旭逸酒店(Hotel Ease Tsuen Wan),浪漫情侣,香港,葵青,葵涌圳边街15-19号,4.4,598,394
43,香港一零八馆(Hotel 108 Hong Kong),浪漫情侣,香港,九龙城,九龙旺角豉油街108号,4.6,725,737
44,香港油麻地王子酒店(Kings Hotel),浪漫情侣,香港,油尖旺,九龙油麻地庙街50号,4.2,1128,348
45,香港新式酒店(家庭旅馆)(Hong Kong New Style Hotel),地铁周边,香港,油尖旺,九龙旺角弥敦道603-609A号新兴大厦1603,4.5,1566,199
46,香港朗逸酒店(Largos Hotel),地铁周边,香港,油尖旺,佐敦 南京街30号,4.5,2823,622
47,香港云浦酒店(VP Hotel),浪漫情侣,香港,油尖旺,九龙荔枝角道149号,4.3,2226,298
48,香港铜锣湾星河酒店 (家庭旅馆)(Galaxy Hotel Causeway Bay),地铁周边,香港,其他地区,铜锣湾2-4京士顿街京士顿大厦B座6楼2室,4,861,254
49,香港TUVE酒店(Hotel TUVE),浪漫情侣,香港,东区,香港天后清风街16号,4.5,1236,1908
50,木的地酒店(Hotel Madera Hong Kong),浪漫情侣,香港,油尖旺,九龙佐敦长乐街1号,4.5,2626,871
51,香港金岛宾馆(Golden Island Hotel),地铁周边,香港,油尖旺,九龙弥敦道385号平安大厦7字楼1室,4.3,1855,99
52,香港旺角荟贤居(如心酒店集团管理)(Lodgewood by L‘hotel Mongkok Hong Kong),浪漫情侣,香港,油尖旺,香港九龙旺角广东道1131号,4.6,3923,581
53,香港客舍酒店(Hotel Hart),浪漫情侣,香港,九龙城,尖沙咀赫德道4号,4.4,392,349
54,香港星星宾馆(家庭旅馆)(Star Guesthouse),地铁周边,香港,油尖旺,尖沙咀弥敦道83-97号华源大厦8字楼B1室,4.6,804,326
55,香港季节酒店(家庭旅馆)(Seasons Hotel HK),地铁周边,香港,油尖旺,九龙尖沙咀乐道23号5楼,3.8,1881,224
56,香港上海湾红酒店(Hongkong Shanghai Red Hotel),地铁周边,香港,其他地区,九龙佐敦上海街152-154号,4.2,1826,225
57,香港麦当劳道贰号酒店(Two MacDonnell Road),亲子酒店,香港,中西区,中环麦当劳道2号,4.6,253,1686
58,香港颐庭酒店(Hong Kong Eco Tree Hotel),海滨风光,香港,中西区,西营盘德辅道西156-160号,4.6,1444,543
59,香港天天旅馆(家庭旅馆)(Sunrise Hotel),地铁周边,香港,油尖旺,弥敦道525-543宝宁大厦C座16楼16室,4.4,1093,229
60,香港威尼斯宾馆(美丽都大厦)(Venetian Hostel),地铁周边,香港,油尖旺,尖沙咀弥敦道58号美丽都大厦14字楼C座C1&F座F1室（前台位于13楼）于13楼C2室登记入住,4.5,4082,194
61,香港百乐宾馆酒店(Best Hotel(Hostel)),地铁周边,香港,其他地区,九龙佐敦弥敦道322-326A百乐大厦,4.3,1031,348
62,香港加州酒店(家庭旅馆)(California Hotel),地铁周边,香港,其他地区,尖沙咀弥敦道66-70号金冠大厦4楼,4,1477,234
63,香港金怡酒店(Jordan Comfort Inn),地铁周边,香港,九龙城,佐敦弥敦道240-252号立信大厦9字楼A室,4.2,1014,199
64,香港金门宾馆(KAM MUN GUEST HOUSE),地铁周边,香港,油尖旺,九龙旺角弥敦道607号新兴大厦2109室,4.6,1012,228
65,晋逸精品酒店 中环(Butterfly on Wellington Boutique Hotel),地铁周边,香港,中西区,中环威灵顿街122号,4.6,1034,2207
66,香港星网商务精品酒店(Wifi Boutique Hotel),浪漫情侣,香港,湾仔,湾仔 骆克道366号,4.4,1527,412
67,香港米易商务宾馆(M easy hotel),地铁周边,香港,油尖旺,油尖旺九龙旺角地铁站E1出口弥敦道607号新兴大厦14楼1416单位,4.1,846,218
68,晋逸时代精品酒店 铜锣湾(Butterfly on Morrison Boutique Hotel),地铁周边,香港,湾仔,摩利臣山道35-39号,4.6,1409,658
69,香港8天时尚精品连锁酒店(8Days Boutique Hotel),地铁周边,香港,油尖旺,九龙旺角弥敦道737号金轮大厦16字楼D室,4.1,572,219
70,香港哲维斯酒店(The Jervois),商务出行,香港,中西区,苏杭街89号,4.6,27,3159
71,香港丽骏酒店(Brighton Hotel Hong Kong),浪漫情侣,香港,湾仔,湾仔骆克道128号,4.5,2383,1152
72,香港新桥宾馆(EVER FORTUNE GUEST HOUSE),地铁周边,香港,油尖旺,九龙旺角弥敦道737号金轮大厦4字楼B室,4.4,153,278
73,香港美的假日酒店(Granduer Holiday Hotel),地铁周边,香港,油尖旺,香港旺角弥敦道 737号金轮大厦2楼,4.2,304,286
74,香港和平客栈(HK Peaceful Guesthouse),民宿,香港,其他地区,尖沙咀弥敦道58号美丽都大厦13楼B1室于13楼C2室登记入住,4.8,511,264
75,香港港兴宾馆(家庭旅馆)(Kong Hing Guest House),地铁周边,香港,油尖旺,九龙旺角弥敦道607号新兴大厦14楼17单位,4.3,783,366
76,香港港星宾馆(Hong Kong Star Guest House),印象好,香港,其他地区,油麻地弥敦道383-389号平安大楼3字楼8室,4.7,68,297
77,香港阿山龙祥旅馆(Ah Shan Hostel),地铁周边,香港,油尖旺,九龙旺角亚皆老街83号先施大厦14楼1406室（与花园街交叉口）,4.2,637,255
78,香港普特曼酒店(The Putman),地铁周边,香港,中西区,皇后大道中202号,4.6,28,2640
79,香港金库宾馆(Gold Keep Hostel),地铁周边,香港,油尖旺,九龙旺角地铁站D2出口亚皆老街83号先施大厦6楼617单位,3.9,506,245
80,马哥孛罗香港酒店(Marco Polo Hongkong Hotel),海滨风光,香港,油尖旺,九龙尖沙咀广东道3号海港城,4.6,14428,1760
81,香港皇家太平洋酒店(The Royal Pacific Hotel and Towers),海滨风光,香港,油尖旺,尖沙嘴 广东道33号,4.6,20974,1115
82,香港半岛酒店(The Peninsula Hong Kong),海滨风光,香港,油尖旺,尖沙咀梳士巴利道,4.8,3693,3862
83,香港柏宁铂尔曼酒店(The Park Lane Hong Kong a Pullman Hotel),休闲度假,香港,湾仔,铜锣湾告士打道310号,4.6,7171,1731
84,香港丽思卡尔顿酒店(The Ritz-Carlton Hong Kong),海滨风光,香港,油尖旺,九龙 柯士甸道西1号环球贸易广场,4.8,3553,3450
85,香港九龙酒店(The Kowloon Hotel),海滨风光,香港,油尖旺,尖沙嘴弥敦道19-21号,4.5,15384,759
86,香港W酒店(W Hong Kong),休闲度假,香港,油尖旺,九龙柯士甸道西一号港铁九龙站,4.7,3924,2342
87,九龙香格里拉大酒店(Kowloon Shangri-La),海滨风光,香港,油尖旺,尖沙嘴麽地道64号,4.7,8459,1936
88,奕居(The Upper House),海滨风光,香港,中西区,金钟道88号太古广场,4.8,1369,4356
89,香港美利酒店(The Murray Hong Kong a Niccolo Hotel),商务出行,香港,中西区,红棉路22号,4.7,575,2710
90,香港丽豪酒店(Regal Riverside Hotel),休闲度假,香港,沙田,沙田 大涌桥路34-36号,4.4,18514,569
91,富豪香港酒店(Regal Hongkong Hotel),休闲度假,香港,湾仔,香港铜锣湾 怡和街88号,4.5,10209,968
92,香港海汇酒店(Hotel VIC on the Harbour),海滨风光,香港,东区,北角_里一号,4.6,298,950
93,香港康得思酒店(Cordis Hong Kong),休闲度假,香港,油尖旺,旺角 上海街555号,4.7,9334,1348
94,香港港威酒店-马哥孛罗(Gateway Hotel Marco Polo),休闲度假,香港,油尖旺,尖沙嘴 广东道13号海港城,4.7,10218,1988
95,香港逸东酒店(Eaton HK),休闲度假,香港,油尖旺,油麻地 弥敦道380号,4.6,6258,698
96,香港迪士尼乐园酒店(Disneyland Hotel),海滨风光,香港,离岛,大屿山香港迪士尼乐园度假区,4.7,8784,1612
97,千禧新世界香港酒店(New World Millennium Hong Kong Hotel),海滨风光,香港,油尖旺,尖沙嘴东部 麽地道72号,4.7,5815,1355
98,香港万丽海景酒店(Renaissance Harbour View Hotel Hong Kong),海滨风光,香港,湾仔,港湾道1号,4.7,3956,1723
99,香港洲际酒店(InterContinental Hong Kong),海滨风光,香港,油尖旺,尖沙咀梳士巴利道18号,4.7,4087,1932
100,香港沙田凯悦酒店(Hyatt Regency Hong Kong Sha Tin),海滨风光,香港,沙田,新界沙田 泽祥街18号,4.7,6492,997
101,香港帝苑酒店(The Royal Garden Hotel),海滨风光,香港,油尖旺,尖沙嘴东部 么地道69号,4.6,7209,991
102,香港港岛海逸君绰酒店(Harbour Grand Hong Kong),海滨风光,香港,东区,北角油街二十三号,4.5,4865,989
103,香港金域假日酒店(Holiday Inn Golden Mile),浪漫情侣,香港,油尖旺,尖沙嘴弥敦道50号,4.5,5308,1038
104,香港富豪机场酒店(Regal Airport Hotel Meeting & Conference Centre),休闲度假,香港,离岛,"赤腊角 香港机场畅达路9号(9 Cheong Tat Road,HK International Airport, Chek Lap Kok)",4.5,15617,1667
105,香港愉景湾酒店(Auberge Discovery Bay Hong Kong),海滨风光,香港,离岛,大屿山愉景湾海澄湖畔路88号,4.7,6926,676
106,香港JW万豪酒店(JW Marriott Hotel Hong Kong),海滨风光,香港,中西区,金钟 金钟道88号太古广场,4.7,2883,2759
107,迪士尼好莱坞酒店(Disney‘s Hollywood Hotel),海滨风光,香港,离岛,大屿山香港迪士尼乐园度假区,4.7,16186,1265
108,香港喜来登酒店(Sheraton Hong Kong Hotel & Towers),海滨风光,香港,油尖旺,弥敦道 20 号,4.6,7123,1500
109,香港嘉里酒店(Kerry Hotel Hong Kong),海滨风光,香港,九龙城,红_湾红鸾道38号,4.7,3034,1742
110,香港太子酒店-马哥孛罗(Prince Hotel Marco Polo),海滨风光,香港,油尖旺,九龙 尖沙嘴广东道23号海港城,4.7,9948,3068
111,香港富豪东方酒店(Regal Oriental Hotel),休闲度假,香港,九龙城,九龙城沙浦道30-38号,4.3,7180,426
112,香港8度海逸酒店(Harbour Plaza 8 Degrees),休闲度假,香港,九龙城,九龙土瓜湾九龙城道199号,4.4,5861,465
113,香港尖沙咀凯悦酒店(Hyatt Regency Hong Kong Tsim Sha Tsui),海滨风光,香港,油尖旺,尖沙咀 河内道18号,4.6,2980,1529
114,香港君悦酒店(Grand Hyatt),海滨风光,香港,湾仔,港湾道1号,4.7,1579,2856
115,香港置地文华东方酒店(The Landmark Mandarin Oriental HK),休闲度假,香港,中西区,中环 皇后大道中15号置地广场,4.8,1285,4443
116,香港四季酒店(Four Seasons Hotel Hong Kong),海滨风光,香港,中西区,中环 金融街8号,4.8,3461,12926
117,香港九龙维景酒店(Metropark Hotel Kowloon),休闲度假,香港,油尖旺,旺角窝打老道75号,4.5,9528,548
118,香港百乐酒店(Park Hotel Hong Kong),亲子酒店,香港,油尖旺,尖沙嘴 漆咸道南61-65号,4.6,4712,676
119,香港如心铜锣湾海景酒店(L‘hotel Causeway Bay Harbour View Hong Kong),海滨风光,香港,东区,铜锣湾 英皇道18号,4.6,9712,678
120,香港港岛太平洋酒店(Island Pacific Hotel),海滨风光,香港,中西区,西环 干诺道西152号,4.6,4552,594
121,香港基督教青年会酒店(The Salisbury YMCA of Hong Kong),海滨风光,香港,油尖旺,尖沙嘴 梳士巴利道41号,4.7,3461,1008
122,香港逸兰精品酒店(Lanson Place Hotel),浪漫情侣,香港,湾仔,铜锣湾礼顿道133号,4.7,2053,1349
123,香港九龙海湾酒店(Kowloon Harbourfront Hotel),海滨风光,香港,油尖旺,九龙红_红鸾道8号D座,4.6,5620,770
124,华丽酒店尖沙咀 (贝斯特韦斯特酒店)(Best Western Grand Hotel),浪漫情侣,香港,油尖旺,九龙尖沙咀柯士甸路廿三号,4.4,9128,517
125,香港帝国酒店(Imperial Hotel),浪漫情侣,香港,油尖旺,尖沙嘴弥敦道32-34号,4.1,5658,526
126,香港帝都酒店(Royal Park Hotel),休闲度假,香港,沙田,沙田 白鹤汀街8号,4.6,11733,1052
127,香港珀丽酒店(Rosedale Hotel Hong Kong),浪漫情侣,香港,湾仔,铜锣湾信德街8号,4.4,7342,457
128,香港Casa Deluxe酒店(Casa Deluxe Hotel),地铁周边,香港,油尖旺,九龙油麻地弥敦道483-485A号,4.5,8341,308
129,香港东隅(East Hong Kong),海滨风光,香港,东区,太古城道29号,4.7,4549,1408
130,香港富荟马头围酒店(iclub Ma Tau Wai Hotel),浪漫情侣,香港,九龙城,马头围下乡道8号,4.4,751,445
131,香港九龙东皇冠假日酒店(Crowne Plaza Hong Kong Kowloon East),休闲度假,香港,观塘,将军澳唐德街3号,4.6,4548,1132
132,英皇骏景酒店(香港湾仔店)(The Emperor Hotel),浪漫情侣,香港,湾仔,皇后大道东373号,4.5,1040,526
133,香港潘多拉酒店(Hotel Pandora),地铁周边,香港,油尖旺,香港九龙佐敦弥敦道321号金汉大厦九楼,3.5,5759,194
134,香港天际万豪酒店(Hong Kong SkyCity Marriott Hotel),海滨风光,香港,离岛,大屿山 香港国际机场航天城东路一号,4.6,5474,1544
135,香港逸酒店(Hotel SAV),休闲度假,香港,九龙城,红_芜湖街83号,4.5,6769,509
136,香港富荟炮台山酒店(iclub Fortress Hill Hotel),浪漫情侣,香港,东区,北角__街18_,4.5,6441,516
137,香港龙堡国际(B P International),海滨风光,香港,油尖旺,尖沙咀柯士甸道8号,4.5,12173,1278
138,香港华美粤海酒店(The Wharney Guang Dong Hotel Hong Kong),休闲度假,香港,湾仔,骆克道57-73号,4.4,4620,469
139,香港九龙贝尔特酒店(Pentahotel Hong Kong Kowloon),休闲度假,香港,九龙城,九龙新蒲岗六合街十九号,4.6,5788,623
140,香港君怡酒店(Kimberley Hotel),浪漫情侣,香港,油尖旺,尖沙嘴金巴利道28号,4.4,6438,589
141,香港华大海景酒店(Grand View Hotel),海滨风光,香港,东区,北角春秧街88号,4.2,1117,331
142,香港观塘帝盛酒店(Dorsett Kwun Tong Hong Kong),浪漫情侣,香港,观塘,鸿图道84号,4.5,4696,595
143,香港粤华酒店(The South China Hotel),浪漫情侣,香港,东区,北角渣华道67-75号,4.2,3875,407
144,香港远东丝丽酒店(Silka Far East Hotel),浪漫情侣,香港,荃湾,九龙青山公路(荃湾段)135-143号,4.3,4258,225
145,香港明爱白英奇宾馆(Caritas Bianchi Lodge),地铁周边,香港,其他地区,香港九龙油麻地石壁道四号,4.6,2413,492
146,香港第二十一威菲路酒店(Twenty One Whitfield),地铁周边,香港,湾仔,威菲路道21号,3.6,444,1099
147,香港六国酒店(Gloucester Luk Kwok Hong Kong),商务出行,香港,湾仔,湾仔告士打道七十二号,4.6,1408,1006
148,香港天一旅舍金銮店,民宿,香港,其他地区,香港油尖旺区九龙尖沙咀弥敦道80号金銮大厦15字楼A室,4.6,823,181
149,香港悦品天秀酒店(Hotel COZi Wetland HongKong),浪漫情侣,香港,元朗,天水围天秀路8号,4.5,1200,425
150,香港九龙珀丽酒店(Rosedale Hotel Kowloon),浪漫情侣,香港,油尖旺,九龙大角咀道86号,4.5,7460,585
151,香港园景轩(Garden View Hong Kong),休闲度假,香港,中西区,中环麦当劳道一号,4.5,3959,614
152,香港九龙海逸君绰酒店(Harbour Grand Kowloon),海滨风光,香港,九龙城,九龙 红_黄埔花园德丰街20号,4.7,3433,1452
153,香港邮轮酒店(CRUISE HOTEL),亲子酒店,香港,九龙城,土瓜湾炮仗街188号,4.1,1776,269
154,香港九龙东智选假日酒店(Holiday Inn Express Hong Kong Kowloon East),海滨风光,香港,观塘,将军澳唐德街3号,4.6,3983,736
155,帝乐文娜公馆(The Luxe Manor),浪漫情侣,香港,油尖旺,尖沙嘴 金巴利道39号,4.6,1824,833
156,香港雅舍酒店(家庭旅馆)(JASCHAHOTEL),地铁周边,香港,油尖旺,海防道53-55号海防大厦5楼508室,4.4,921,297
157,奥华・时尚精品酒店 - 南岸(Ovolo Southside _ 64 Wong Chuk Hang Road),浪漫情侣,香港,南区,香港仔黄竹坑道64号,4.4,1236,553
158,香港华丽铜锣湾酒店(原香港华丽精品酒店)(Best Western Hotel Causeway Bay),浪漫情侣,香港,湾仔,铜锣湾坚拿道西祥和里,4.2,5707,309
159,香港铜锣湾智选假日酒店(Holiday Inn Express Hong Kong Causeway Bay),浪漫情侣,香港,湾仔,铜锣湾 霎东街33号,4.5,4550,774
160,香港诺富特世纪酒店(Novotel Century Hong Kong),休闲度假,香港,湾仔,谢斐道238号,4.6,3038,1307
161,香港君立酒店(Camlux Hotel),休闲度假,香港,观塘,九龙湾宏光道15号,4.6,896,654
162,香港_口酒店旺角地铁站店,地铁周边,香港,其他地区,九_旺角黑布街92号全座(旺角中旅行社背面),4.1,590,287
163,香港华丽都会酒店(Grand City Hotel),海滨风光,香港,中西区,皇后大道西338号,4.5,4292,396
164,香港比比旺角宾馆(家庭旅馆)(B&B Mongkok Hotel),地铁周边,香港,油尖旺,弥敦道737-741号金轮大厦16楼ABC座,4.6,962,216
165,香港宝御酒店(Hotel Pravo),浪漫情侣,香港,油尖旺,九龙尖沙咀北京道10号,4.5,2631,766
166,香港木棉花公寓式酒店(Apartment Kapok),酒店公寓,香港,湾仔,湾仔港湾道28号(湾景中心A座),4.3,1182,835
167,香港中环荷李活道彩鸿酒店(原晋逸好莱坞精品酒店)(Travelodge Central Hollywood Road),商务出行,香港,中西区,香港中环荷李活道263号,4.4,840,468
168,香港屯门贝尔特酒店(pentahotel Hong Kong Tuen Mun),浪漫情侣,香港,屯门,新界屯门震寰路六号,4.5,998,582
169,香港逸林酒店(Noblepark Hotel Hong Kong),浪漫情侣,香港,油尖旺,九龙油麻地茂林街2号,4.2,3235,318
170,香港沙田万怡酒店(Courtyard by Marriott Hong Kong Sha Tin),休闲度假,香港,沙田,安平街1号,4.6,2883,774
171,香港伟晴轩(West Hotel),浪漫情侣,香港,油尖旺,九龙油麻地佐敦道伟晴街39号,4.4,4886,771
172,香港富荟上环酒店(iclub Sheung Wan Hotel),浪漫情侣,香港,中西区,上环文咸东街138号,4.5,4373,596
173,圣地亚哥酒店(San Diego Hotel),浪漫情侣,香港,油尖旺,佐敦吴松街169-189号,4.5,3466,712
174,香港美庭旅馆(CINDY HOSTOL),地铁周边,香港,油尖旺,九龙尖沙咀弥敦道80号金銮大厦12楼D,4.7,864,350
175,香港My Inn美意旅馆,地铁周边,香港,油尖旺,九龙尖沙咀弥敦道101号海防大厦1楼106-107室,4.6,550,470
176,最佳盛品酒店(香港尖沙咀店)(原九龙华美达酒店)(Best Western Plus Hotel Kowloon),浪漫情侣,香港,油尖旺,尖沙嘴漆咸道南73-75号,4.2,4027,480
177,香港遨凯酒店(The Olympian Hong Kong),海滨风光,香港,九龙城,"18HoiFaiRoad,TaiKokTsui,Kowloon九龙大角咀海辉道18号",4.7,631,1403
178,香港中环石板街酒店(The Pottinger Hong Kong),地铁周边,香港,中西区,中环皇后大道中74号（与士丹利街21号交叉口）,4.5,473,2352
179,香港旺角希尔顿花园酒店(Hilton Garden Inn Hong Kong Mongkok),浪漫情侣,香港,油尖旺,旺角豉油街2号,4.5,2737,1161
180,宜必思香港中上环酒店(ibis Hong Kong Central and Sheung Wan hotel),海滨风光,香港,中西区,香港上环德辅道西28号,4.6,3315,784
181,香港问月酒店(Mira Moon Hong Kong),浪漫情侣,香港,湾仔,谢斐道388号,4.5,1044,1282
182,帆船精品酒店(VELA BOUTIQUE HOTEL),浪漫情侣,香港,湾仔,摩理臣山道84-86号,4.2,2063,413
183,铜锣湾迷你精品酒店(Mini Hotel Causeway Bay),浪漫情侣,香港,湾仔,铜锣湾新会道8号,4.3,4882,368
184,香港今旅酒店(Hotel Jen Hong Kong),海滨风光,香港,中西区,香港西环 皇后大道西508号,4.6,2463,871
185,香港怡景酒店(Chelsea Hotel),地铁周边,香港,油尖旺,香港九龙尖沙咀河内道8号A,4.2,1240,385
186,工_家酒店(IND Hotel),其他类型,香港,观塘,九龙观塘观塘道326号,4.2,6,448
187,香港铜锣湾维景酒店(Metropark Hotel Causeway Bay Hong Kong),海滨风光,香港,东区,铜锣湾 铜锣湾道148号,4.6,3168,950
188,香港苏豪智选假日酒店(Holiday Inn Express Hong Kong Soho),海滨风光,香港,中西区,上环苏杭街83号,4.6,2036,658
189,香港盛世酒店(Inn Hotel Hong Kong),海滨风光,香港,油尖旺,九龙旺角_兰街60号,4.6,4131,536
190,香港万怡酒店(Courtyard by Marriott Hong Kong),海滨风光,香港,中西区,西环 干诺道西167号,4.7,1448,1161
191,香港红茶馆酒店(红_温思路街)(Bridal Tea House Hotel (Hung Hom Winslow Street)),浪漫情侣,香港,九龙城,九龙__温思劳街57A-61号,4,2559,225
192,香港加尔文青年旅舍(HK HOSTEL),青年旅舍,香港,油尖旺,佐敦道13-15号华丰大厦7楼A室,4.2,1480,70
193,香港皇后酒店,地铁周边,香港,其他地区,香港西环皇后大道西199号,4.3,1144,348
194,香港港岛英迪格酒店(Hotel Indigo Hong Kong Island),地铁周边,香港,湾仔,皇后大道东246号,4.6,292,1662
195,香港C酒店(Casa Hotel),浪漫情侣,香港,油尖旺,九龙油麻地弥敦道487-489号,4.3,4986,334
196,香港华大盛品酒店(BEST WESTERN PLUS Hotel Hong Kong),浪漫情侣,香港,中西区,西环德辅道西308号,4.3,3498,528
197,香港湾仔睿景酒店(原湾仔维景酒店)(Kew Green Hotel Wanchai Hong Kong),商务出行,香港,湾仔,轩尼诗道41-49号,4.6,2493,766
198,香港鸣人宾馆(Naruto Inn),地铁周边,香港,油尖旺,尖沙咀弥敦道83-97号华源大厦10F B4室,4.8,921,190
199,香港永_800酒店(WINLAND800HOTEL),其他类型,香港,葵青,新界青衣路一号,3.4,3098,196
200,香港青逸酒店(Rambler Oasis Hotel),浪漫情侣,香港,葵青,青衣路1号,4,3091,349
201,香港风格时尚家庭旅馆(Feng Ge Shi Shang Hotel),地铁周边,香港,油尖旺,九龙尖沙咀弥敦道99-101号海防大厦10楼1005室,4.8,1375,307
202,香港海景丝丽酒店(Silka Seaview Hotel),浪漫情侣,香港,油尖旺,"油麻地 上海街268号(268 Shanghai Street, Yau Ma Tei, Kowloon)",4.3,4561,410
203,香港中环迷你酒店(Mini Hotel Central),浪漫情侣,香港,中西区,中环雪厂街三十八号,4,2406,436
204,香港万里香江客栈 (家庭旅馆)(Global Holiday Home),地铁周边,香港,湾仔,铜锣湾利园山道70号凤鸣大厦15楼A室,4.1,681,395
205,香港陶庭酒店(The Ten Hotel),地铁周边,香港,九龙城,九龙塘罗福道10号,4.3,686,909
206,铜锣阁(Causeway Corner),海滨风光,香港,湾仔,铜锣湾波斯富街18号,4.4,1072,756
207,香港珀丽尚品酒店(Le Petit Rosedale Hotel Hong Kong),浪漫情侣,香港,中西区,铜锣湾摩顿台7号,4.5,1181,636
208,香港长洲华威酒店(Warwick Hotel Cheung chau),休闲度假,香港,离岛,香港_洲__,4.3,1185,768
209,香港极栈公寓(Residence G Hong Kong (by Hotel G)),酒店公寓,香港,油尖旺,九龙尖沙咀柯士甸路2-2A号,4.1,259,588
210,香港李女士宾馆(家庭旅馆)(MS LI GUEST HOUSE),地铁周边,香港,油尖旺,弥敦道58号美丽都大厦E座5字楼E1室,4.9,7,351
211,香港好来酒店(Haolai Motel),地铁周边,香港,其他地区,尖沙咀金马伦道16号金马大厦4字楼 （顺德霸王鱼头楼上）,4.3,685,225
212,香港银矿湾渡假酒店(Silvermine Beach Resort),海滨风光,香港,离岛,香港大屿山梅窝银矿湾D.D.2地段648号,4.2,1230,527
213,香港华逸酒店(Rambler Garden Hotel),浪漫情侣,香港,葵青,青衣 青衣路1号,4,3031,349
214,香港喜悦酒店(家庭旅馆)(Happy Motel),地铁周边,香港,油尖旺,弥敦道242-252号立信大厦10楼F室,4.5,882,272
215,香港文化旅馆-翠雅山房(Hong Kong Heritage Lodge),浪漫情侣,香港,葵青,香港九龙青山道800号,4.4,1726,423
216,香港君临海域酒店(Gloucester Hotel),浪漫情侣,香港,湾仔,铜锣湾告士打道218号,4.5,2324,957
217,香港逸豪酒店(H1 Hotel),浪漫情侣,香港,油尖旺,九龙旺角新填地街423号,4.3,2892,498
218,香港MK酒店(Hotel MK),地铁周边,香港,油尖旺,九龙旺角长沙街11号,3.9,3008,247
219,香港紫馨家庭旅舍(ZiXin Motel),青年旅舍,香港,油尖旺,尖沙咀弥敦道99-101号海防大厦811,4.6,770,189
220,香港怡家酒店(Yi Jia Hotel),地铁周边,香港,油尖旺,香港弥敦道731-733号振宜大厦10字楼AC(九龙商务),3.5,808,102
221,香港文苑旅舍(Man Yuen Inn),民宿,香港,其他地区,旺角亚皆老街83号先施大厦11楼1105室,4.3,790,209
222,宜必思香港北角酒店(ibis Hong Kong North Point),海滨风光,香港,东区,北角渣华道138号,4.5,2217,484
223,香港富田宾馆(Hong Kong Full Harvest Inn),地铁周边,香港,其他地区,九龙旺角西洋菜南街14-24号（街交接口荣华大楼）,4.6,343,370
224,香港荷里活木的地精品酒店(Hotel Madera Hollywood),地铁周边,香港,中西区,荷里活道53-55_,4.5,197,1742
225,香港盛捷维园公寓酒店(Somerset Victoria Park Hongkong),商务出行,香港,东区,铜锣湾电气道118号,4.5,1340,581
226,香港仕德福山景酒店(Stanford Hillview Hotel),浪漫情侣,香港,油尖旺,尖沙嘴 天文台道13-17号,4.7,2986,581
227,香港馨乐庭尚圜服务公寓(Citadines Mercer Hong Kong),酒店公寓,香港,中西区,上环苏杭街29号,4.6,166,2309
228,Y旅舍(Y Loft),商务出行,香港,东区,柴湾道238号青年广场12楼,4.5,1121,637
229,香港苹果旅馆(尖沙咀店)(家庭旅馆)(Apple Inn@ TsimShaTsui),地铁周边,香港,油尖旺,香港九龙尖沙海防道55号海防大厦11楼03单元,3.9,1845,97
230,逸东轩住寓(香港湾仔峡道店)(Eaton Residences Wan Chai Gap Road),商务出行,香港,湾仔,湾仔峡道3-5号,4.4,240,871
231,香港汉仁商务宾馆,地铁周边,香港,其他地区,弥敦道525-543宝宁大厦A座701-703室油麻地地铁站B1出口旁,4.6,1233,350
232,香港金坊宾馆(GOLD PALACE HOTEL),浪漫情侣,香港,其他地区,香港油尖旺区九龙旺角弥敦道607号新兴大厦22字楼2201室,4.7,436,245
233,香港名亭宾馆(Mingting Inn),地铁周边,香港,油尖旺,尖沙咀加拿芬道33-35号发利大厦7/F7室,3.6,82,356
234,香港3D龙门客栈(3D inn Dragon),客栈,香港,其他地区,九龙油尖旺区九龙尖沙咀弥敦道58号美丽都大厦3字楼F2室于13楼C2室登记入住,4.7,218,245
235,香港天灏精品酒店(家庭旅舍)(Glory Sky Inn Hotel),地铁周边,香港,油尖旺,尖沙嘴海防道53-55号海防大厦5字楼03室,4.6,1562,386
236,香港紫珀酒店(The Perkin Hotel),火车站周边,香港,油尖旺,尖沙咀诺士佛台6号,4.6,578,968
237,香港登台酒店(HOTEL STAGE),浪漫情侣,香港,油尖旺,佐敦志和街1号,4.7,962,1084
238,香港港湾酒店(Hong Kong Harbor Hotel),其他类型,香港,南区,香港仔石排湾道47号,3.8,709,259
239,香港新时代酒店(家庭旅馆)(New Style Guest House(Phoenix Apartments)),地铁周边,香港,湾仔,铜罗湾利园山道70号凤鸣大厦4字楼A、B_（前台位于1楼54号室）,3.4,191,297
240,香港金涛酒店(家庭旅馆)(Golden Wave Hotel),地铁周边,香港,油尖旺,九龙佐敦道18-24号鸿运大厦3楼C至D室,4.5,1148,228
241,香港海都宾馆(Ocean Hotel Family Hotel),地铁周边,香港,油尖旺,尖沙咀弥敦道36-44号重庆大厦A座15字楼A4室,4.3,308,189
242,香港新迎宾馆(Sun Ying Hostel),地铁周边,香港,油尖旺,九龙旺角亚皆老街83号先施大厦617室,3.5,321,189
243,香港红茶馆酒店(鸭_洲大街店)(Bridal Tea House Hotel (Ap Lei Chau Main Street)),浪漫情侣,香港,南区,港岛鸭_洲大街95号,4.2,1203,377
244,香港乐仕酒店(Acesite Knutsford Hotel),浪漫情侣,香港,油尖旺,九龙尖沙咀天文台围8号,4.2,1879,237
245,香港新月宾馆(Sasa Inn),地铁周边,香港,九龙城,尖沙咀弥敦道87号华源大厦乘坐3号或4号电梯8楼C1,4.8,1247,486
246,香港广州宾馆(Hotel Guanzhou),地铁周边,香港,其他地区,旺角弥敦道737号金轮大厦9楼,3.9,571,287
247,香港龙群宾馆(Dragon Hostel),地铁周边,香港,油尖旺,九龙旺角亚皆老街83号先施大厦7楼707室,4.2,472,108
248,香港馨乐庭海景服务公寓(Citadines Harbourview Hong Kong),酒店公寓,香港,中西区,西营盘干诺道西138号,4.3,55,1394
249,香港伟溢商务宾馆(Wellyet Guest House),地铁周边,香港,油尖旺,九龙尖沙咀弥敦道58号美丽都大厦14层F3室,4.5,633,263
250,香港鹏达旅馆(铜锣湾)(Peng Da Guest House),老板热情,香港,湾仔,铜锣湾记利佐治街9号百德大厦D座13楼D2室（铜锣湾地铁E出口旁边大铁门进入）,4.4,48,385
251,香港铜锣湾投栈(家庭旅馆)(Move Inn),地铁周边,香港,湾仔,铜锣湾轩尼诗道417-421号海外大厦14楼419室,4.3,378,278
252,香港名都商务宾馆(Mingdu Business Hotel),地铁周边,香港,油尖旺,九龙旺角弥顿道607号新兴大厦26楼2601室,4,640,207
253,香港丽都宾馆(Ridor Guesthouse),地铁周边,香港,油尖旺,九龙尖沙咀弥敦道54-64B美丽都大厦10楼A9,4.1,32,252
254,香港宝轩酒店(中环)(The Bauhinia HotelCentral),商务出行,香港,中西区,干诺道中119-121号,4.5,513,513
255,香港美豪精品酒店(家庭旅馆)((MEI HAO BOUTIQUE HOTEL)(Hostel)),地铁周边,香港,油尖旺,香港九龙尖沙咀弥敦道58-62号美丽都大厦14楼E1室,4.3,1635,439
256,香港旺角新天地酒店(Mong Kok Sunny Day Hotel),浪漫情侣,香港,油尖旺,香港九_旺角新填地街419_,4.3,784,949
257,香港金城宾馆(Gold City Hotel),地铁周边,香港,油尖旺,九龙油麻地弥敦道383-389号C平安大楼7字8楼5室,4.2,363,193
258,香港柏林商务宾馆(家庭旅馆)(Berlin Business Hotel),地铁周边,香港,油尖旺,亚皆老街83号先施大厦11楼1115室,4.2,353,241
259,香港新耀晖宾馆(Yiu Fai Guest House),地铁周边,香港,其他地区,尖沙咀弥敦道66-70号金冠大厦5字楼A室,4.6,33,237
260,香港K&B青年旅舍(K&B Hostel),青年旅舍,香港,油尖旺,九龙佐敦道15号华丰大厦13楼H室,4,123,348
261,香港上栈精品酒店(铜锣湾店)(家庭旅馆)(S HOTEL Causeway Bay HongKong),地铁周边,香港,湾仔,"铜锣湾利园山道70号凤鸣大厦二楼C,D室",4.4,246,465
262,香港泰山宾馆(加连威店)(HK TAI SAN GUEST HOUSE),地铁周边,香港,其他地区,九龙尖沙咀加连威老道12号加连威大厦8室,4.3,34,325
263,香港美林宾馆(Meilin Hotel),地铁周边,香港,油尖旺,尖沙嘴弥敦道54-64号美丽都大厦E座5F,4.3,393,237
264,香港湾仔八十八酒店(Wanchai 88 Hotel),商务出行,香港,湾仔,谭臣道139号,4.4,92,566
265,香港奥斯酒店(O‘ Hotel),其他类型,香港,九龙城,香港九龙土瓜湾九龙城道42-46号,3.7,869,369
266,香港恒丰宾馆(Hang Fung Hostel),地铁周边,香港,油尖旺,九龙佐敦弥敦道300号华丰大厦14楼A室,4.4,49,357
267,香港漫漫旅馆(AA INN),地铁周边,香港,其他地区,九龙尖沙咀弥敦道83-97号华源大厦9楼C3室,4.7,455,298
268,香港万达青年旅舍(Master Inn),地铁周边,香港,其他地区,香港油尖旺区九龙旺角亚皆老街83号先施大厦15字楼1507室,4.5,135,75
269,香港旺角金月宾馆家庭旅馆,地铁周边,香港,其他地区,旺角弥敦道607号新兴大厦2406单位,3.7,31,259
270,香港长洲B&B渡假旅馆(B&B Cheung Chau),环境不错,香港,其他地区,长洲东湾路83号,4.5,82,176
271,香港山蓝宾馆(Mountain Blue Hotel),地铁周边,香港,油尖旺,香港旺角亚皆老街83号先施大厦13楼,3.6,125,278
272,渔樵青年旅舍(香港油麻地店)(Travelholic Hostel),青年旅舍,香港,油尖旺,油麻地弥敦道454号安昌大厦8楼454室,4.7,232,150
273,香港安达宾馆(Anita Guest House),地铁周边,香港,油尖旺,九龙弥敦道603-609号新兴大厦23字楼2303室（东京银座楼上）,4.3,298,297
274,香港愉宿精致度假旅馆(Jolly Guesthouse),环境不错,香港,离岛,长洲中心里3号,4.4,156,413
275,香港海城宾馆(Ocean City Hotel),地铁周边,香港,油尖旺,九龙旺角通菜街女人街42号一楼(地铁站E2出),3.9,496,246
276,香港旺角M1酒店(M1 HOTEL MONG KOK),地铁周边,香港,油尖旺,九龙旺角通菜街123号,4.3,762,890
277,香港豪源酒店(Ho Yuen Hotel),地铁周边,香港,油尖旺,香港旺角奶路臣街11号远东发展旺角大厦11楼,3.2,79,333
278,香港韶兴宾馆(家庭旅馆)(SIU HING HOSTEL),地铁周边,香港,九龙城,佐敦道庙街230号韶兴大厦4字楼B座,4.5,15,297
279,香港经济型酒店  (家庭旅馆)(Hong Kong Budget Hostel),地铁周边,香港,油尖旺,"弥敦道36-44号重庆大厦10字楼D,E座D8& E2室",2,29,67
280,香港蓝山(柏豪)(宾馆)(Lamshan),地铁周边,香港,油尖旺,九龙旺角亚皆老街83号先施大厦13楼1306室,4.3,129,294
281,"巴黎旅馆(Paris Guest House (D2, 10/F))",其他类型,香港,其他地区,"Flat D2, 10/F, Block D, Chungking Mansion, 40 Nathan Road",2,5,67
282,香港馨乐庭亚士厘服务公寓(Citadines Ashley Hong Kong),酒店公寓,香港,油尖旺,尖沙咀亚士厘道18号,4.4,305,784
283,香港千悦宾馆(QIAN YUE INN),地铁周边,香港,油尖旺,香港九龙弥敦道300号右边华丰大厦电梯按3字楼G座,4,192,210
284,香港永盛行宾馆(Yongshenghang Motel),地铁周边,香港,油尖旺,九龙油麻地弥敦道385号平安大厦5字楼5室,4.2,964,198
285,香港晶亮宾馆(家庭旅馆)(Shining Hotel),地铁周边,香港,油尖旺,弥敦道83-97号华源大厦2字楼C3室,4.3,364,325
286,香港中港酒店(China HK Hotel),客栈,香港,东区,北角七姊妹道25-31号一楼,4.282972973,1,553
287,香港凯逸酒店(CEO HOTEL),地铁周边,香港,九龙城,香港九龙城区九龙旺角弥敦道739号金轮大厦12楼C室,4.6,88,341
288,香港泰山宾馆(海防店)(HK TAI SAN GUEST HOUSE(Haiphong Branch)),地铁周边,香港,其他地区,九龙尖沙咀弥敦道99号海防大厦9楼1室,4.7,165,348
289,香港时尚酒店(尖沙咀店)(Smart Hotel),地铁周边,香港,油尖旺,尖沙咀金巴利道27-33号永利大厦6楼D,4.3,78,71
290,香港红叶宾馆(Maple Leaf Guest House),地铁周边,香港,油尖旺,九龙尖沙咀弥敦道36-44号重庆大厦E座12楼E4室,4.3,1787,176
291,香港晴天旅舍(I Guest Hostel),民宿,香港,湾仔,香港湾仔湾仔道221号一楼,3.7,43,157
292,香港甜心酒店(铜锣湾凤鸣大厦)(Sweet Heart Hostel),地铁周边,香港,湾仔,铜锣湾利园山道54-70号凤鸣大厦1F/D室,3.9,6,131
293,香港大中国宾馆,地铁周边,香港,其他地区,佐敦弥敦道328-342A号俭德大厦13D室,3.7,43,205
294,香港怡景宾馆(Yee King Hotel(Hostel)),地铁周边,香港,油尖旺,九龙旺角亚皆老街83号先施大厦8楼804室,4.3,510,448
295,香港奥华行旅(香港仔)(Mojo Nomad Aberdeen Harbour by Ovolo),干净卫生,香港,南区,香港仔石排湾道100号,4.3,146,185
296,香港海景渡假乐园(Hong Kong Seaview Holiday Resort),其他类型,香港,离岛,大屿山梅窝东湾头路11号,2.9,5,881
297,香港海边小屋(The Cove Hostel),其他类型,香港,离岛,"大屿山塘福村17D,1-2字楼",4.282972973,2,352
298,香港尖沙咀(连锁)(酒店)(家庭旅馆)(TSTHOTEL),地铁周边,香港,油尖旺,尖沙咀弥敦道87号华源大厦2号楼B1室,4.2,144,316
299,香港森之旅馆(Sens Inn),地铁周边,香港,其他地区,油尖旺区尖沙咀弥顿道64号美丽都大厦8字楼A3(尖沙咀地铁站D2出口),4.282972973,13,166
300,香港金威酒店 (家庭旅馆)(Kam Wai Hotel (Hostel)),地铁周边,香港,油尖旺,尖沙咀加拿分道33__利大厦4_405室,4.4,144,316
301,香港文苑宾馆(Man Yuen Hotel),其他类型,香港,油尖旺,旺角弥敦道737号金轮大厦二楼H室,4.7,5,169
302,香港万豪宾馆,地铁周边,香港,其他地区,香港九龙城区九龙尖沙嘴弥敦道58号美丽都大厦7楼A8室,3.7,40,199
303,香港枫叶酒店(Maple Inn),地铁周边,香港,油尖旺,尖沙咀弥敦道83-97号华源大厦3/F，D1室,4.3,608,406
304,香港广西宾馆(家庭宾馆)(GUAN GIX GUEST HOUSE),地铁周边,香港,油尖旺,弥敦道300号华丰大厦10字楼D室,4.7,21,254
305,香港马尼拉宾馆(Manila Hotel),地铁周边,香港,油尖旺,"弥敦道36-44号重庆大厦10字楼D,E座D7室",3.2,49,150
306,香港嘉宾(禧昌)(宾馆)(Hei Cheong Inn),地铁周边,香港,油尖旺,九龙佐敦道18-24号鸿运大厦5/F楼D、E、F座（电梯按5字）,3.7,181,278
307,香港优景旅馆(Yau King Hotel),地铁周边,香港,油尖旺,"佐敦道19-21号福乐大厦11字楼A, C 室",4,130,228
308,香港彩城宾馆(家庭旅馆)(RAINBOW CITY INN),地铁周边,香港,油尖旺,碧街41-49号2楼,3.9,42,376
309,香港新宇宙宾馆(New Cosmos Guest House),地铁周边,香港,油尖旺,尖沙咀弥敦道36-44号重庆大厦15字楼B座B8室,3.7,81,184
310,墨尔本宾馆(Melbourne Hostel),其他类型,香港,其他地区,九龙尖沙咀弥敦道40号重庆大厦E座10字楼E1室,4.282972973,2,93
311,香港微・客栈(Wee inn),民宿,香港,其他地区,尖沙咀弥敦道62号美丽都大厦16楼A3室(地铁尖沙咀站D2出口)于13楼C2室登记入住,4.5,302,234
312,香港阳光酒店(Sunshine Hotel),地铁周边,香港,深水_区,深水_桂林街42-44号恒诚大厦2楼(近深水_地铁站D2出口),4.3,16,648
313,香港百丽旅馆(Park Guest House),其他类型,香港,油尖旺,九龙尖沙咀海防道53至55号海防大厦1楼10号,4.282972973,6,445
314,香港海之星宿(L‘etoile de Mer Hong Kong),地铁周边,香港,其他地区,香港铜锣湾告士打道275号海都大厦4楼B座,4.282972973,4,208
315,香港旺角荣华旅馆(Wing Wah Hostel),地铁周边,香港,其他地区,香港油尖旺区旺角西洋菜南街14-24号荣华大厦4字楼,4.3,42,307
316,香港尊贵旅馆(Hong Kong Premium Guest House),其他类型,香港,油尖旺,"尖沙咀弥敦道56-58号美丽都大厦16字楼B2,A5室（前台入住办理设在16字楼A2室）",4.8,19,166
317,香港美华宾馆(Mei Wah  Guest House),其他类型,香港,其他地区,九龙旺角弥敦道737号金轮大厦9字楼F座,4,27,250
318,香港威尼斯宾馆,其他类型,香港,其他地区,香港油尖旺区旺角弥顿道580号恒隆大厦4楼,4.7,48,298
319,香港蓝天宾馆(家庭旅馆)(Blue Sky Hotel),地铁周边,香港,油尖旺,香港九龙旺角弥敦道607号新兴大厦1410室,3.5,157,245
320,香港南新雅宾馆(Nam San Ya Hostel),地铁周边,香港,油尖旺,九龙尖沙咀弥敦道240号立信大厦13楼D室,4.5,136,359
321,幸福居(家庭旅馆)(Fortune Inn Hong Kong),地铁周边,香港,油尖旺,尖沙嘴弥敦道66-70号金冠大厦9楼A室,4.1,243,415
322,80后潘多拉旅馆(香港佐敦店)(原华丰宾馆)(Pandora After 80s Jordan),其他类型,香港,油尖旺,九龙佐敦佐敦道15号华丰大厦1字楼H室,3.1,36,70
323,香港好景宾馆(HO KING GUEST HOUSE),地铁周边,香港,其他地区,九龙旺角弥敦道607号新兴大厦11楼1113室（前台位于22楼2207室）,4.1,44,227
324,香港米尔服务式公寓(Mier Serviced Apartments),地铁周边,香港,其他地区,香港半山医院道6-8号,4.3,6,1450
325,香港金桥旅馆(Golden Bridge Hotel),地铁周边,香港,油尖旺,香港九龙尖沙咀么地道44号丽东大厦3号电梯4/F ，A室,3.1,145,268
326,香港好客轩宾馆(Hao‘s Inn),地铁周边,香港,油尖旺,九龙尖沙咀弥敦道66-70金冠大厦5楼E室,4.1,39,395
327,香港星彩旅馆 (家庭旅馆)(Lucky Hostel),地铁周边,香港,油尖旺,弥敦道739号金轮大厦10字楼B室,3.3,45,226
328,香港乐翼乐精品酒店(家庭旅馆)(HAPPYWOOD INN),地铁周边,香港,湾仔,铜锣湾轩尼诗道417-421号海外大厦14楼417室,3.8,142,395
329,香港旺角住游行渡假宾馆(Geo-Home Holiday Hotel),地铁周边,香港,油尖旺,香港九龙旺角弥敦道737号金轮大厦9楼,4.5,13,278
330,香港Primo旅馆(Primo Guesthouse),其他类型,香港,其他地区,九龙尖沙咀弥敦道40号重庆大厦E座3字楼E3室,4.282972973,1,131
331,香港欣欣宾馆(家庭旅馆)(YAN YAN GUEST HOUSE),地铁周边,香港,油尖旺,弥敦道40号重庆大厦E座8字楼E1室,2.3,6,977
332,香港新金冠宾馆(New Golden Crown Guest House),客栈,香港,油尖旺,尖沙咀弥敦道68号金冠大厦13楼C室,4.9,10,395
333,香港联安宾馆(家庭旅馆)(Luen On Guest House),地铁周边,香港,油尖旺,弥敦道54-64号美丽都大厦13楼E3室,3.2,22,449
334,香港迎酒店(HI-INN),地铁周边,香港,其他地区,九龙尖沙咀弥敦道36-40号重庆大厦B座14楼B3室,2.8,61,172
335,香港乐栈(Tempo Inn),地铁周边,香港,油尖旺,佐敦吴松街93-103号德利楼1楼,4.5,137,212
336,香港宿雾宾馆(Cebu Hotel),其他类型,香港,其他地区,弥敦道36-44号重庆大厦A座17字楼A6 & A7室,4.282972973,1,113
337,香港德国旅舍Germany Hostel(Germany Hostel),地铁周边,香港,油尖旺,"弥敦道36-44号重庆大厦10字楼D,E座D8& E2室",3.3,46,71
338,香港休闲小窝(Urban Pack),地铁周边,香港,九龙城,尖沙咀海防道53至56号海防大_14楼1410室,4.7,66,137
339,香港Come Inn宾馆(Come Inn),地铁周边,香港,油尖旺,尖沙咀金巴利道27-33号永利大厦9楼F座,4.282972973,2,500
340,香港斯凯勒科酒店(Hotel Skylark),地铁周边,香港,油尖旺,尖沙咀弥敦道36-44号重庆大厦16字楼E座E4室,3.3,26,172
341,香港伦敦旅馆(London Guest House),地铁周边,香港,油尖旺,尖沙咀弥敦道56-58号美丽都大厦13字楼F2室,4.7,81,210
342,香港联合宾馆(Union Hotel Hongkong),地铁周边,香港,油尖旺,香港油尖旺区尖沙咀漆咸道南33号，友联大厦12_D室,4.282972973,2,358
343,香港幸运宾馆(Lucky Hostel),地铁周边,香港,其他地区,九龙旺角弥敦道731至733号振宜大厦13楼,4.282972973,10,227
344,香港欣林宾馆 (家庭旅馆)(Merryland Guest House),地铁周边,香港,油尖旺,弥敦道62号美丽都大厦D座9楼D2室,4.3,575,306
345,香港格兰舍(Grand Inn),地铁周边,香港,油尖旺,尖沙咀弥敦道66-70号金冠大厦十一楼F室,4.3,129,252
346,香港振宜酒店(CY-House),地铁周边,香港,油尖旺,九龙旺角弥敦道731至733号振宜大厦15楼A室,4.2,48,329
347,香港海滨宾馆(Lucky Guest House),大学周边,香港,其他地区,九龙佐敦道15号华丰大厦5字楼G室（永亨银行楼上）,4.5,23,325
348,香港天晴宾馆(SUNNY DAY GUEST HOUSE),地铁周边,香港,油尖旺,旺角弥敦道607号新兴大厦1113室,3.9,51,227
349,香港大华旅馆(Tai Wah Hostel),地铁周边,香港,油尖旺,尖沙咀弥敦道62号美丽都大厦16楼 16/F B1室(接待处位于 8/F A8室),3.8,96,228
350,香港大华精品旅店 (家庭旅馆)(Tai Wah Boutique Hostel),地铁周边,香港,油尖旺,九龙尖沙咀弥敦道62号美丽都大厦8/F A8室,4.5,34,220
351,香港铜锣湾天津连锁宾馆(Tianjin Hostel),地铁周边,香港,中西区,香港铜锣湾告士打道275号3字楼E室,3.8,94,254
352,香港京华宾馆(佐敦),地铁周边,香港,其他地区,九龙佐敦南京街19-21号3楼2/F,2.3,40,328
353,香港珊瑚酒店(家庭旅馆)((Coral Inn)(Hostel)),地铁周边,香港,油尖旺,香港九龙尖沙咀弥敦道83-97号华源大厦9/F十楼D2室,4.4,149,379
354,全球旅舍(Global Inn),其他类型,香港,其他地区,弥敦道36-44号重庆大厦C座6楼C2室 (登记前台於E座8楼E1室),4.282972973,2,165
355,佳旺宾馆(家庭旅馆)(Jie Wang Motel),地铁周边,香港,油尖旺,九龙旺角亚皆老街83号先施大厦1205室,3.2,66,254
356,香港悉尼旅馆(Sydney Hostel),地铁周边,香港,其他地区,香港九龙尖沙咀弥敦道36-44号重庆大厦E座7楼E5室（于A座17楼A6室登记入住）,4.282972973,7,105
357,香港新中华宾馆(New China Yan Yan Guesthouse),地铁周边,香港,油尖旺,九龙尖沙咀弥敦道36-44号重庆大厦D座9楼D7:D2,2.5,33,984
358,香港红茶馆酒店(土瓜湾)(Bridal Tea House Hotel (To Kwa Wan)),环境不错,香港,九龙城,九龙土瓜湾宋皇台道14-18号,4.2,1089,484
359,香港港龙酒店(Comfort Lodge Hong Kong),地铁周边,香港,油尖旺,香港九龙佐敦德兴街7-8号（礼苑，接待处位于A座2楼）,2.2,18,492
360,珠峰宾馆(Everest Guest House (3/F)),其他类型,香港,其他地区,九龙尖沙咀弥敦道40号重庆大厦D座3字楼5-6室,4.282972973,1,181
361,香港意乐旅馆(eLog Inn),地铁周边,香港,油尖旺,佐敦道22号鸿运大厦4字楼H室,4.3,155,237
362,香港惠福宾馆,地铁周边,香港,其他地区,香港尖沙咀弥敦道54-64B美丽都大厦3字楼A8,4.282972973,2,166
363,香港大浪宾馆(Hongkong big Wave Hotel),地铁周边,香港,油尖旺,香港油尖旺区尖沙咀漆咸道南33号友联大夏11_D室,4.282972973,2,390
364,香港日夜宾馆(Day and Night Hostel),地铁周边,香港,油尖旺,"弥敦道36-44号重庆大厦10字楼D,E座D8& E2室",3.3,63,68
365,香港尖沙咀大福星光酒店(Tsim Sha Tsui Hotel),地铁周边,香港,油尖旺,尖沙咀弥敦道101号海防大厦8楼3室（六福珠宝楼上）,2.7,109,641
366,香港新豪华宾馆(家庭旅馆)(New Ho Wah Villa),地铁周边,香港,油尖旺,庙街253-255号世华商业大厦4字楼,3.2,147,199
367,香港恒好宾馆(Hang Ho Hostel),地铁周边,香港,油尖旺,九龙弥敦道242号立信大厦6字楼B室,4.5,142,445
368,香港乐桃宾馆(Motel Happy Peach),地铁周边,香港,油尖旺,九龙尖沙咀加连威老道14号加连威大厦6楼B室,3.6,124,263
369,香港爱港宾馆(ICON INN),地铁周边,香港,油尖旺,九龙尖沙咀弥敦道40号重庆大厦E座11楼E3室（于A座15楼A9室登记入住）,4.282972973,3,202
370,尊贵闲庭酒店(Premium Lounge),其他类型,香港,其他地区,"Flat A6 & A7, 16/F, Block A, Chungking Mansions,40 Nathan Road, Tsim Sha Tsui, Kowloon",4.282972973,1,166
371,香港兰花轩宾馆(家庭旅馆)(ORCHID INN),地铁周边,香港,油尖旺,九龙油麻地弥敦道383-385号平安大楼八楼（电梯按7字）10室,4.282972973,9,245
372,恒晖宾馆 (家庭旅馆)(Hang Fai Hotel),地铁周边,香港,油尖旺,九龙油麻地文明里15-17号丽星大厦13字楼E室,3.6,57,199
373,香港东方明珠宾馆(Oriental Pearl Hostel),地铁周边,香港,油尖旺,尖沙咀弥敦道38号重庆大厦A座三楼总台,2.7,27,99
374,香港摩登宾馆(MODERN HOTEL),地铁周边,香港,其他地区,旺角登打士街33号登德大厦2/F A室,2.9,58,479
375,香港屋企旅舍(Ukkei Inn),地铁周边,香港,油尖旺,油麻地弥敦道495-497A号丽星大厦10B,4.282972973,4,438
376,香港壹家旅馆(A INN Hostel),地铁周边,香港,油尖旺,九龙旺角亚皆老街83号先施大厦13楼1304室（前台位于14楼）,4.282972973,1,333
377,香港水晶旅社(Crystal Hostel),地铁周边,香港,其他地区,香港尖沙咀弥敦道36-44号重庆大厦E座11楼E4室 (於E座3楼登记入住,4.282972973,3,146
378,香港传奇宾馆(Legend Guest House),地铁周边,香港,其他地区,香港九龙尖沙咀弥敦道81号喜利大厦12字楼A&B室,4.282972973,2,245
379,香港加拿大人旅馆(Canadian Hostel),地铁周边,香港,其他地区,香港尖沙咀弥敦道36-44重庆大厦E座7层 (於E座3楼登记入住),4.282972973,5,122
380,香港金沙宾馆(家庭旅馆)(Sands  Hostel),地铁周边,香港,其他地区,香港九龙尖沙咀弥敦道40号重庆大厦C座14楼C2室,3.8,28,988
381,香港御珑馆(家庭旅馆)(Hotel Conext),地铁周边,香港,油尖旺,九龙弥敦道240号立信大厦3楼B室,4.2,359,317
382,我的酒店(家庭旅馆)(I-Hotel),地铁周边,香港,其他地区,九龙尖沙咀弥敦道81号喜利大厦6楼A室,4.2,29,529
383,香港加勒比海宾馆(家庭旅馆)(Caribbean Sea Guest House),地铁周边,香港,油尖旺,弥敦道36号-44号重庆大厦C座5楼C1室,4.282972973,5,1520
384,香港中 港酒店(家庭旅馆)(HK-China Hotel),地铁周边,香港,油尖旺,碧街33-39号永华大厦1楼（油麻地地铁站A1出口直走50米）,1.5,7,429
385,香港捷舒旅(Just Hotel),地铁周边,香港,油尖旺,尖沙咀金巴利道27-33号永利大厦F座4楼,3.8,183,888
386,香港圣地牙哥宾馆(家庭旅馆)(San Diego Guesthouse),地铁周边,香港,油尖旺,亚皆老街83号先施大厦3字楼309室,4.282972973,84,348
387,香港珠峰旅馆(Everest Inn Guest House),地铁周边,香港,其他地区,香港弥敦道40号重庆大厦D座16字楼3室(尖沙咀地铁站旁),4.282972973,7,175
388,深圳月亮月亮公寓,民宿,香港,罗湖区,深圳罗湖区渔民村,4.282972973,24,506
389,香港航天星际酒店(Hotel Skystar),地铁周边,香港,其他地区,尖沙咀弥敦道36-40号重庆大厦E座14楼E3室,4.282972973,3,172
390,香港HotelVenus(Hotel Venus),地铁周边,香港,油尖旺,尖沙咀弥敦道36-40号重庆大厦C座12楼C6室,4.282972973,2,172
391,香港金泉酒店,地铁周边,香港,其他地区,香港旺角弥敦道607号新兴大厦1407室,4.282972973,16,245
392,香港天天宾馆(TIN TIN GUEST HOUSE),地铁周边,香港,油尖旺,旺角弥敦道607号新兴大厦1517A,3.2,16,227
393,香港如心海景酒店暨会议中心(L‘hotel Nina et Convention Centre),海滨风光,香港,荃湾,荃湾 杨屋道8号,4.5,45462,709
394,香港如心海景酒店暨会议中心(L‘hotel Nina et Convention Centre),海滨风光,香港,荃湾,荃湾 杨屋道8号,4.5,45463,709
395,香港花盈酒店(家庭旅馆)(Bloomy Hotel),地铁周边,香港,油尖旺,尖沙咀弥敦道87号华源大厦9字楼C2室,4,273,256